source_track,times_sampled_by_brazil
Otto — Bob (1998) [Brazil],12
Bebel Gilberto — Aganjú (2004) [Brazil],10
Future Frog — Disco Dancer (2011) [Brazil],9
MC Fioti — Joga o bum bum tam tam (2017) [Brazil],9
GUSTAVOEGATOTV — Pista (2020) [Brazil],8
Lyn Collins — Think (About It) (1972) [United States],8
Gusttavo Lima — Balada (Tchê tcherere tchê tchê) (2011) [Brazil],7
Jaloo — Bai Bai (2014) [Brazil],7
Aghast View — Pay Off (1997) [Brazil],7
Öwnboss — RIOT (2023) [Brazil],7
Zerb — Addicted (2024) [Brazil],7
Vintage Culture — This Feeling (2022) [Brazil],5
G-Low — System Protected (2011) [Brazil],5
Amon Tobin — Surge (2011) [Brazil],5
FTampa — Till the End of Time (2011) [Brazil],5
Tiago Iorc — Amei te ver (2015) [Brazil],5
Rodrigo Stradiotto — Noctilucent (2022) [Brazil],5
Aesthetische — Tripoli (2012) [Brazil],5
Alok — To the Moon (2025) [Brazil],5
Luísa Sonza — Rebolar (2017) [Brazil],5
Perfect Cell — Cellbacca (2010) [(unknown)],5
Felguk — 2nite (original mix) (2010) [Brazil],4
Bebel Gilberto — So Nice (Summer Samba) (2000) [Brazil],4
Felguk — Blow Out (original mix) (2011) [Brazil],4
Gilberto Gil — Palco (2002) [Brazil],4
Felguk — The Funky Drama (2009) [Brazil],4
HNQO — Priority (2024) [Brazil],4
Vintage Culture — Pour Over (2018) [Brazil],4
BaianaSystem — Água (2019) [Brazil],4
Silva — Janeiro (2014) [Brazil],4
Darth & Vader — Power Trip (extended mix) (2013) [Brazil],4
Rouge — Beijo molhado (2002) [Brazil],4
Rouge — Depois que tudo mudou (2002) [Brazil],4
Rouge — Não dá pra resistir (2002) [Brazil],4
Marcão Baixada — Bang Bang (2014) [Brazil],4
Öwnboss — Move Your Body (2021) [Brazil],4
"Felicja Blumental — Fantasie Polonaise for Piano and Orchestra, op. 19 (1954) [Brazil]",4
Wanessa Camargo — XOXO (2023) [Brazil],4
Vintage Culture — I Will Find (2018) [Brazil],4
Gabriel Alonso — Axom (2017) [Brazil],4
Giuliano Rodrigues — On a Cloud (2024) [Brazil],4
DJ Marky — LK (2004) [Brazil],3
Vintage Culture — Weak (2024) [Brazil],3
Tiago Frúgoli Ensemble — Estrada (2019) [Brazil],3
Tiago Frúgoli Ensemble — Não lugares (2019) [Brazil],3
Ruback — Human Mind (2014) [Brazil],3
Luiz B — Song of Life (2009) [Brazil],3
Bebel Gilberto — August Day Song (2000) [Brazil],3
Vintage Culture — Promised Land (2024) [Brazil],3
Giuliano Rodrigues — Without Cloud (2024) [Brazil],3
Vintage Culture — Chemicals (2024) [Brazil],3
Aghast View — Truthlike (1997) [Brazil],3
Vintage Culture — Why Don’t U Love (2017) [Brazil],3
Tiago Frúgoli Ensemble — Árvore (2019) [Brazil],3
Fractal System — Arcade (2011) [Brazil],3
Luan Santana — Acordando o prédio (2017) [Brazil],3
Lorena Simpson — Revolution of Love (2012) [Brazil],3
Cement Tea — 1.5 Meters (2020) [Brazil],3
Vintage Culture — Time (2024) [Brazil],3
Trio Ternura — A gira (1973) [Brazil],3
Gui Boratto — Notations (2009) [Brazil],3
Ruling Toys — Starlight (2012) [Brazil],3
GUSTAVOEGATOTV — Piui Tic Toc (2022) [Brazil],3
Tiago Frúgoli Ensemble — Sal das ondas (2019) [Brazil],3
XAKOL — Rise of a New Sun (2017) [Brazil],3
Alok — Don't Ya (2016) [Brazil],3
Rouge — Ragatanga (2002) [Brazil],3
Aesthetische — Less but More (2012) [Brazil],3
Aesthetische — Brennbar! (2012) [Brazil],3
Aesthetische — Still Life (2012) [Brazil],3
Psychowave — Supernova (2011) [Brazil],2
Elowinz — Forest Queen (2014) [Brazil],2
Luiz B — Hidden Beauty (2011) [Brazil],2
Racionais MC’s — Mulheres vulgares (1990) [Brazil],2
Azymuth — Linha do horizonte (1975) [Brazil],2
Wanessa Camargo — O segredo (2020) [Brazil],2
Bruna Griphao — Bandida (2023) [Brazil],2
Edu K — Popozuda Rock n’Roll (2006) [Brazil],2
James Brown — The Payback (1991) [United States],2
Lorena Simpson — Breathe Again (2012) [Brazil],2
Darth & Vader — Extermination (2014) [Brazil],2
Bebel Gilberto — Close Your Eyes (2000) [Brazil],2
Raul Seixas — Como vovó já dizia (2014) [Brazil],2
μ's — 僕らは今のなかで (2013) [Japan],2
Zetta — Run the City (2018) [Brazil],2
Michel Teló — Barà barà berê berê (2012) [Brazil],2
Alok — All I Want (2017) [Brazil],2
Vintage Culture — Pleasure Chasers (2024) [Brazil],2
Bebel Gilberto — Tanto tempo (2000) [Brazil],2
Pecadores — Quem Não Morre Não Vê Deus (2010) [Brazil],2
Vintage Culture — Nirvana (original mix) (2025) [Brazil],2
Tiago Frúgoli Ensemble — Água doce (2019) [Brazil],2
Level 2 — Bite The Bone (2022) [Brazil],2
Dirtyloud — Get Down (2016) [Brazil],2
Bungle — The Siren (2011) [Brazil],2
Nicolas Vogler — A Cyberpunk Novel (2025) [Brazil],2
Vicissu — Start Again (Original Mix) (2020) [Brazil],2
Digitaria — Shine (2013) [Brazil],2
Azymuth — Esperando minha vez (1975) [Brazil],2
Darth & Vader — Howling (2014) [Brazil],2
Digitaria — Paradise (2011) [Brazil],2
Alok — Wherever You Go (2021) [Brazil],2
Deize Tigrona — Prostituto (2012) [Brazil],2
Aesthetische — Get It Done (2012) [Brazil],2
Tiago Frúgoli Ensemble — Longe (2019) [Brazil],2
Babí — Anjo da Madrugada (2009) [Brazil],2
Felguk — Like Home (2017) [Brazil],2
Vintage Culture — Find A Way (2024) [Brazil],2
Kansas City Express — This Is the Place (2019) [(unknown)],2
Banda Uó — Cowboy (2012) [Brazil],2
Shapeless — Ritual (2017) [Brazil],2
Felguk — Side By Side (2021) [Brazil],2
LS Jack — LS Jack (1999) [Brazil],2
Diogo Strausz — Dan=ça (2024) [Brazil],2
Devath — Chroma Control (2020) [Brazil],2
Kaito Aman — Disruption (2025) [Brazil],2
Klopfgeister — Tomorrow (2014) [Germany],2
Amon Tobin — Kitchen Sink (2007) [Brazil],2
Digitaria — Decay (2016) [Brazil],2
Darth & Vader — Empire Strikes Back (2013) [Brazil],2
Cement Tea — Russian Roulette (2020) [Brazil],2
Gabe — Non Sense (2014) [Brazil],2
Vintage Culture — Nothing Ever Changes (2024) [Brazil],2
Tiago Iorc — Nothing but a Song (2008) [Brazil],2
Chico Science — Maracatu Atômico (1996) [Brazil],2
Flavia Coelho — Sunshine (acoustic version) (2010) [Brazil],2
Bebel Gilberto — Sem contenção (2000) [Brazil],2
Léo Santana — Século 21 (2020) [Brazil],2
Aghast View — Timeless (2000) [Brazil],2
Franz Ferdinand — The Dark of the Matinée (2004) [United Kingdom],2
Elowinz — Granjurema (2019) [Brazil],2
Cement Tea — Another Tsundere Thing (2020) [Brazil],2
Alok — Hear Me Now (2016) [Brazil],2
FTampa — Chaos (2013) [Brazil],2
Lokua Kanza — Plus vivant (feat. Corneille) (2005) [Democratic Republic of the Congo],1
Cecilia Krull — My Life Is Going On (2017) [Spain],1
Chico Science — Amor de Muito (1996) [Brazil],1
Ricardo Donoso — The Redeemer (2013) [Brazil],1
MOSQ — Soul Phrase -reload- (2026) [Brazil],1
Marilia Gabriela — Uatzapi Blues (2021) [Brazil],1
Bibi Babydoll — Automotivo Bibi fogosa (2023) [Brazil],1
Run‐D.M.C. — Dumb Girl (1986) [United States],1
N.W.A — She Swallowed It (1991) [United States],1
James Brown — Funky President (People It’s Bad) (1974) [United States],1
The Blackbyrds — Do It Fluid (1995) [United States],1
Azymuth — Periscópio (1975) [Brazil],1
Detonautas Roque Clube — Outro Lugar (Dan Mattos e DeepDelic remix) (extended version) (2020) [Brazil],1
Thaíde & DJ Hum — Corpo fechado (2001) [Brazil],1
The Honey Drippers — Impeach the President (1973) [United States],1
James Brown — Papa Don’t Take No Mess (1991) [United States],1
Sérgio Mendes & Brasil ’66 — Mas que nada (1966) [Brazil],1
Sérgio Mendes & Brasil ’66 — The Frog (1967) [Brazil],1
Gilberto Gil — Aquele abraço (1996) [Brazil],1
Acuna — I’ll Be Gone (2013) [Brazil],1
Rouge — 1000 segredos (2002) [Brazil],1
Gilberto Gil — Oslodum (2004) [Brazil],1
Lorena Simpson — Breathe Again - Extended Version (2012) [Brazil],1
Cement Tea — Yuno's Weird Nightmares (2020) [Brazil],1
Flavia Coelho — Nosso Amor (2019) [Brazil],1
Hi-5 — So Many Animals (2000) [Australia],1
GUSTAVOEGATOTV — Travei na Pose (2021) [Brazil],1
Lilly Wood and The Prick — Prayer in C (2010) [France],1
Föxx Salema — Emotional Rain (2019) [Brazil],1
GUSTAVOEGATOTV — FELINE (2024) [Brazil],1
Ice Cube — The Predator (1992) [United States],1
Funkadelic — Music for My Mother (1992) [United States],1
Barbatuques — Baianá (2018) [Brazil],1
The Soul Searchers — Ashley’s Roachclip (1998) [United States],1
hummingdeath — underneath the ruin (2020) [Brazil],1
hummingdeath — 𝙩𝙚𝙘𝙝𝙨𝙪𝙞𝙘𝙞𝙙𝙚 << (2020) [Brazil],1
Ｓｐａｔｉａｌ Ｍａｎｕｆａｃｔｕｒｅ Ｌｔｄ. — 𝙽𝚒𝚗𝚎 𝙸𝚗𝚌𝚑 𝙲𝚊𝚜𝚝𝚕𝚎𝚜 (2020) [United States],1
hummingdeath — glance (2021) [Brazil],1
hummingdeath — speaktothevoid (2020) [Brazil],1
unknownsignals — depletion (2019) [Brazil],1
unknownsignals — find myself around never (2019) [Brazil],1
꧁꧂ — 12З (2020) [Russia],1
CXRPSE — CLOUDY DAYS (2016) [(unknown)],1
sleepy randy — river (2021) [(unknown)],1
Chic — Good Times (1979) [United States],1
Léo Leobons — Caboclo (2018) [Brazil],1
Wanessa Camargo — Fora Do Radar (2023) [Brazil],1
Elowinz — 12 Works (2013) [Brazil],1
Amon Tobin — Kokubo Sosho Stealth (2005) [Brazil],1
Black Eyed Peas — Pump It (2005) [United States],1
Darth & Vader — Return of the Jedi (2011) [Brazil],1
Falamansa — Rindo à toa (2000) [Brazil],1
Gabi Luthai — Ela tá voando (2021) [Brazil],1
Dom La Nena — Quién podrá saberlo (2021) [Brazil],1
Retrigger — Duck You Sucker! (2007) [Brazil],1
Bebel Gilberto — River Song (2004) [Brazil],1
Astrud Gilberto — Berimbau (1966) [Brazil],1
Bhaskar — Não Sei Parar (2023) [Brazil],1
Alok — Car Keys (Ayla) (2023) [Brazil],1
Isaac Hayes — Walk on By (1969) [United States],1
Bea Duarte — Antes de sair (2020) [Brazil],1
Felguk — 2nite (2021) [Brazil],1
Cement Tea — Mofu Mofu (2020) [Brazil],1
ESG — UFO (1981) [United States],1
Michael Jackson — Thriller (2006) [United States],1
Marvin Gaye — “T” Stands for Trouble (1972) [United States],1
Natur — Fusion Dub III (2023) [Brazil],1
HNQO — I'm Lost in the Groove (2023) [Brazil],1
Léo Leobons — Ogún (2018) [Brazil],1
Luka — Tô nem aí (2003) [Brazil],1
Lia Clark — Tome Curtindo (2016) [Brazil],1
Diogo Strausz — Junto de Nós (2024) [Brazil],1
Detroyt — Seriously in Love (1984) [United States],1
Pedra Branca — Novo Testamento (2011) [Brazil],1
Marcos & Belutti — Aquele 1% (2015) [Brazil],1
μ's — Snow halation (2010) [Japan],1
Gilberto Gil — Essa é pra tocar no rádio (1992) [Brazil],1
Amon Tobin — El Cargo (2005) [Brazil],1
GUSTAVOEGATOTV — Tô Ficando Louco (2020) [Brazil],1
Amon Tobin — Carry on Marmaduke (2011) [Brazil],1
GUSTAVOEGATOTV — PÓS-LICEU (2050) (2025) [Brazil],1
KARAN! — TAPANÁ (2022) [Brazil],1
Slayer — Angel of Death (1986) [United States],1
"James Brown — Funky Drummer, Part 1 (1970) [United States]",1
James Brown — Mind Power (2005) [United States],1
Amon Tobin — Ruthless (2005) [Brazil],1
Funk Buia — Ragga'Rap (2013) [Brazil],1
GUSTAVOEGATOTV — Ô Meu Deus Wanna Pum! (2020) [Brazil],1
Maria Rita — Lamento Africa / Rictus (1988) [Brazil],1
JetLag Music — Trem-Bala (2017) [Brazil],1
Banda Eva — Eva (1997) [Brazil],1
Sérgio Mendes & Brasil ’66 — Ye‐Me‐Le (1980) [Brazil],1
Los Hermanos — A flor (2004) [Brazil],1
Racionais MC’s — V.L. (parte II) (2002) [Brazil],1
GUSTAVOEGATOTV — Pista 5.0 (2023) [Brazil],1
Bebel Gilberto — Aganju (2008) [Brazil],1
Metá Metá — Obatalá (2010) [Brazil],1
Eumir Deodato — Also sprach Zarathustra (2001) (1973) [Brazil],1
Vintage Culture — Love or Hate (2024) [Brazil],1
Felguk — All Night Long (2008) [Brazil],1
Flavia Coelho — Periferia (2010) [Brazil],1
Bea Duarte — Mar (2023) [Brazil],1
Azymuth — Caça a raposa (1975) [Brazil],1
Planet Hemp — Legalize Já (1995) [Brazil],1
Dr Meaker — Right Back (Break remix) (2016) [United Kingdom],1
Critycal Dub — Welcome to the Jungle (2016) [Brazil],1
MC Fats — Inner Soul (2016) [United Kingdom],1
Paul T — Into the Night (2016) [United Kingdom],1
BTK — Try (2016) [United Kingdom],1
DJ Chap — Emperor (2016) [Brazil],1
Paul T — I Still Love You (2016) [United Kingdom],1
Digital & Spirit — Garrison Law (2016) [United Kingdom],1
Alibi — Oxygen (2016) [Brazil],1
DJ Chap — Like a Fyah VIP (2016) [Brazil],1
Need for Mirrors — Bredren (2016) [United Kingdom],1
Alibi — Overaged (2016) [Brazil],1
Level 2 — Born to Run (2016) [Brazil],1
Paul T — Rain (2016) [United Kingdom],1
L‐Side — Turbulence VIP (2016) [Brazil],1
Level 2 — All I Would to Say (2016) [Brazil],1
Mr Joseph — Soul Girl (2016) [United Kingdom],1
Kabuki — Just Hold on VIP (2016) [Germany],1
Serum — Dark Clouds (2016) [(unknown)],1
Tonk — All Dem Sound (2016) [(unknown)],1
Serum — Wiretap (2016) [(unknown)],1
Does Not Compute — Stalker (2016) [(unknown)],1
Simplification — I Need You Now (2016) [(unknown)],1
Submorphics — Higher Ground (2016) [(unknown)],1
Submorphics — Burnig Love (Lenzman remix) (2016) [(unknown)],1
Optiv & BTK — At All Costs (2016) [(unknown)],1
Banda Uó — Catraca (2014) [Brazil],1
Azymuth — Jazz Carnival (1979) [Brazil],1
Alok — It Don’t Matter (2021) [Brazil],1
Daft Punk — Nightvision (2001) [France],1
Different Stage — The Game (extended mix) (2024) [Brazil],1
Amon Tobin — Kokubo Sosho Battle (2005) [Brazil],1
Kid Abelha — Pintura íntima (1984) [Brazil],1
Vintage Culture — Eyes (2015) [Brazil],1
Elekfantz — Blush (radio edit) (2016) [Brazil],1
Alok — Big Jet Plane (Scorsi remix) (2018) [Brazil],1
Alas — Just Say (2022) [Brazil],1
Cement Tea — Doppelganger (2020) [Brazil],1
DJ Chap — Midnight Love (dRamatic & dbAudio remix) (2013) [Brazil],1
Urbandawn — Astrolabe (2012) [Brazil],1
Bebel Gilberto — Samba da benção (2000) [Brazil],1
Kelly Key — Controle (2015) [Brazil],1
Widescream — Funky Town (2011) [Brazil],1
O Rappa — Monstro invisível (2008) [Brazil],1
Alok — Love Is a Temple (Scorsi remix) (2018) [Brazil],1
Coil — A Cold Cell (2001) [United Kingdom],1
Eric Farias — My Time Is Now (2011) [Brazil],1
Cat Burns — Sober (2020) [United Kingdom],1
Love Unlimited Orchestra — Strange Games & Things (1976) [United States],1
Racionais MC’s — Pânico na Zona Sul (1990) [Brazil],1
Racionais MC’s — Tempos difíceis (1990) [Brazil],1
Vintage Culture — If I Live Forever (2023) [Brazil],1
Gustavo Rique — Pathfinder (2021) [Brazil],1
Jaloo — Insight (2014) [Brazil],1
DJ MAMAMIA ROLA — MTG6 - LIKE A G6 ( VERSÃO AMERICANA ) (2023) [Brazil],1
Vintage Culture — Monday (2017) [Brazil],1
3dNOW — Double the Trouble (2012) [Japan],1
Tough Art — Keep Moving (extended mix) (2024) [Brazil],1
Jorge Ben Jor — Frases (1967) [Brazil],1
Jorge Ben Jor — Domingas (1969) [Brazil],1
Funk Buia — Respeito máximo (2013) [Brazil],1
Random Movement — Ahead of It All (2016) [United States],1
Need for Mirrors — Reset (2016) [United Kingdom],1
Paul T — Tempt (2016) [United Kingdom],1
Command Strange — Black & White (2016) [Kazakhstan],1
L‐Side — Riddim Dancer (2016) [Brazil],1
DJ Chap — Let Me Love You (Random Movement remix) (2016) [Brazil],1
Unreal — Just One Night (2016) [Brazil],1
Murdock — Tribes (2016) [Belgium],1
Daz Bailey — Sugar (2016) [United Kingdom],1
Paul SG — Jazz Cigarette (2016) [Austria],1
Command Strange — Desire (2016) [Kazakhstan],1
Peshay — Funkster (2016) [United Kingdom],1
L‐Side — Dreadlocks (2016) [Brazil],1
L‐Side — So High VIP (2016) [Brazil],1
Command Strange — Dismiss (2016) [Kazakhstan],1
Alibi — Aftermath (2016) [Brazil],1
Paul T — Infamous (2016) [United Kingdom],1
Roni Size — It's a Jazz Thing (Juiceman remix) (2016) [United Kingdom],1
Command Strange — Visions (2016) [Kazakhstan],1
Saxxon — The Only One VIP (2016) [United Kingdom],1
Rowpieces — V Like Vivacious (2016) [(unknown)],1
Savage Rehab — Neck Funk (2016) [(unknown)],1
David Boomah — Where Do We Go From Here (One Love) (Calibre remix) (2016) [(unknown)],1
Jaybee — Forgotten Funk (2016) [(unknown)],1
André Sobota — Descend (2019) [Brazil],1
Glass Candy — Computer Love (2007) [United States],1
Crookers — Love to Edit (2007) [Italy],1
A‐Trak — Say Whoa (2008) [Canada],1
MixHell — Highly Explicit (Brodinski remix) (2009) [Brazil],1
Jokers of the Scene — Acidrod (2008) [Canada],1
Metallica — For Whom the Bell Tolls (1984) [United States],1
MixHell — Sore Throat Break (2007) [Brazil],1
CLP — Ain't Nobody Cooler (Mixhell remix) (2008) [(unknown)],1
Racionais MC’s — V.L. (parte I) (2002) [Brazil],1
茶太 — だんご大家族 (2007) [Japan],1
Amon Tobin — Wooden Toy (2011) [Brazil],1
Renato Cohen — Morse Song (2018) [Brazil],1
Natur — There Will Be No Tears (2021) [Brazil],1
GUSTAVOEGATOTV — Trapinha (2020) [Brazil],1
HNQO — Brown Eyes (2023) [Brazil],1
Léo Leobons — Obá ibo (2018) [Brazil],1
Alibi — Shurikan (2019) [Brazil],1
Burn in Noise — Ozzo (2007) [Brazil],1
Play School — Wiggerly Woo (2012) [Australia],1
Dream Team do Passinho — Pra querer (2015) [Brazil],1
Angra — Angels Cry (1993) [Brazil],1
Elekfantz — Work It Out (2018) [Brazil],1
Flavia Coelho — Canta comigo (2010) [Brazil],1
Diana Ross — It's Your Move (1984) [United States],1
Macintosh Plus — リサフランク420 / 現代のコンピュー (2011) [(unknown)],1
Cement Tea — Delicious Rotting Pulsating Cookie (2020) [Brazil],1
Edilene Gomes — Sinta Ele Aí (2023) [Brazil],1
MC Fioti — Bum bum tam tam (David Guetta remix) (2018) [Brazil],1
High Fashion — You're the Winner (1982) [United States],1
Level 2 — Red Notes (2013) [Brazil],1
Gabriel Alonso — Storm (2016) [Brazil],1
Burn in Noise — Image of Yourself (2014) [Brazil],1
ATC — Around the World (La La La La La) (2000) [Germany],1
Alibi — Inception (2018) [Brazil],1
Guilherme & Benuto — 3 Batidas (2019) [Brazil],1
Unreal — Enduro (2016) [Brazil],1
Amon Tobin — The Lighthouse (2005) [Brazil],1
Pabllo Vittar — K.O. (2017) [Brazil],1
JVKE — golden hour (2022) [United States],1
Mac Lethal — Day by Day (2016) [United States],1
MC Mayara — Ai como eu tô bandida (2022) [Brazil],1
Darth & Vader — Power Trip (Scoon & Delore mix) (2013) [Brazil],1
Bungle — Looking Back (2015) [Brazil],1
Jaloo — Odoiá (In Your Eyes) (2014) [Brazil],1
Azymuth — Estrada dos deuses (1975) [Brazil],1
The Miracles — I Didn’t Realize the Show Was Over (1973) [United States],1
GUSTAVOEGATOTV — Oãdilos (2023) [Brazil],1
Earthspace — The Law Of Attraction (2017) [Brazil],1
TonyZ — Road So Far (2017) [Brazil],1
Beme — Lakshmi (2021) [Brazil],1
Devath — Softcore (2020) [Brazil],1
Pabllo Vittar — Follow Me (2022) [Brazil],1
Wanessa Camargo — Nosso som (2020) [Brazil],1
The Blackbyrds — Reggins (1974) [United States],1
Public Enemy — Bring the Noise (1987) [United States],1
Renato Cohen — Say Yes (2022) [Brazil],1
DZP — Bhangra (2017) [Brazil],1
GUSTAVOEGATOTV — VITÓRIA (2023) [Brazil],1
Cement Tea — Puddle Of Worms (2020) [Brazil],1
SPECT3R — Stfu (2022) [Brazil],1
Chipz — Story (extended mix) (2023) [Brazil],1
Alok — Deep Down (2022) [Brazil],1
Gui Boratto — Drink in Paris (2023) [Brazil],1
Digitaria — Favourite Addiction (2014) [Brazil],1
Reverence — My Heart Went Boom (2023) [Brazil],1
Gui Boratto — Human (extended mix) (2019) [Brazil],1
Jorge & Mateus — A hora é agora (2012) [Brazil],1
Bonde do Rolê — Melô do tabaco (2006) [Brazil],1
Michael Jackson — Blood on the Dance Floor (1997) [United States],1
Chico Science — Corpo de Lama (1996) [Brazil],1
Amon Tobin — Big Furry Head (2007) [Brazil],1
Amon Tobin — Ever Falling (2007) [Brazil],1
Amon Tobin — Straight Psyche (2007) [Brazil],1
Amon Tobin — Keep Your Distance (2007) [Brazil],1
Amon Tobin — Always (2007) [Brazil],1
Cement Tea — Something Broke (2020) [Brazil],1
Alibi — Directions (2019) [Brazil],1
Renard — Sinisterrrrrrrr (2009) [Canada],1
The Queenstons — Amber Starlight (2008) [Canada],1
Rotteen — Outsider (2014) [Canada],1
Adraen — Contact (2009) [Canada],1
Mayhem — Eggs (2008) [Canada],1
Kitsune² — The Steel Monster Above The City (2007) [Canada],1
Jackal Queenston — Set Me Free (Uplift remix) (2009) [Canada],1
Furries in a Blender — Hardcore Disco (2007) [Canada],1
Renard — Objection (2007) [Canada],1
Mayhem — It's Murder (2009) [Canada],1
Renard — Banned Forever (2020) [Canada],1
Klippa — Arcadepunk (2011) [Canada],1
Kitcaliber — Vultures (2012) [(unknown)],1
Gal Costa — Lágrimas negras (1974) [Brazil],1
Bebel Gilberto — Alguém (2000) [Brazil],1
Paulinho Moska — Falsa Baiana (2000) [Brazil],1
Fourth World — Fica Mal Com Deus (2000) [Brazil],1
Ricardo Donoso — The Sphinx (2013) [Brazil],1
Ricardo Donoso — Affirmation (2013) [Brazil],1
Geto Boys — Mind Playing Tricks on Me (1991) [United States],1
The Rolling Stones — Satisfaction (2012) [United Kingdom],1
"Bob Marley & The Wailers — Get Up, Stand Up (1998) [Jamaica]",1
Chico Buarque — Cálice (1978) [Brazil],1
N.W.A — Appetite for Destruction (2002) [United States],1
Geraldo Vandré — Pra não dizer que não falei das flores (-1) [Brazil],1
Justin Bieber — Beauty and a Beat (2012) [Canada],1
Gusttavo Lima — Fui fiel (2014) [Brazil],1
高坂穂乃果 — START:DASH!! (2013) [Japan],1
Chico Science — Macô (1996) [Brazil],1
Cement Tea — Akari The Timetraveler (2020) [Brazil],1
Gui Boratto — Like You (original mix) (2006) [Brazil],1
Kurup — Tempestade (2019) [Brazil],1
Vintage Culture — Just Like Home (2024) [Brazil],1
Bebel Gilberto — All Around (2004) [Brazil],1
Cement Tea — Marimba (2020) [Brazil],1
nocapz. — Deja Vu (extended mix) (2024) [Brazil],1
Sérgio Mendes & Brasil ’66 — So Many Stars (1967) [Brazil],1
Wanessa Camargo — Vou lembrar (2019) [Brazil],1
Aretuza Lovi — Vagabundo (2017) [Brazil],1
Zerb — Addicted (extended mix) (2024) [Brazil],1
Mustard — Ballin’ (2019) [United States],1
Bebel Gilberto — Mais feliz (2000) [Brazil],1
Cement Tea — Fantasy Mode (2020) [Brazil],1
Alibi — The Hornet (2016) [Brazil],1
Anitta — Me gusta (2020) [Brazil],1
Los Hermanos — Anna Júlia (1999) [Brazil],1
GUSTAVOEGATOTV — Pista 3.0 (2022) [Brazil],1
Lucas Santtana — Ninguém solta a mão de ninguém (2019) [Brazil],1
Burn in Noise — Vuuv Festival Celebration (2012) [Brazil],1
Maísa Silva — Nhenhenhem (2014) [Brazil],1
Lucas Santtana — Tática de machine (2003) [Brazil],1
Anitta — Me Gusta (remix) (2020) [Brazil],1
DJ Chap — Don’t Wait for Me (2013) [Brazil],1
GUSTAVOEGATOTV — Meu Primeiro Phonk (2023) [Brazil],1
bricklander — Living in a Browser (2023) [Argentina],1
Alok — Tell Me Why (2019) [Brazil],1
Anitta — Fria (2024) [Brazil],1
João Neto & Frederico — Clichê (2013) [Brazil],1
The J.B.’s — Transmograpfication (1975) [United States],1
"The J.B.’s — Givin' Up Food for Funk, Part 1 (1972) [United States]",1
Bebel Gilberto — Bananeira (2000) [Brazil],1
Cement Tea — The Pit (2020) [Brazil],1
Sérgio Mendes & Brasil ’66 — Slow Hot Wind (1966) [Brazil],1
DENNIS — Tá OK (2023) [Brazil],1
Alok — Wherever You Go (extended mix) (2022) [Brazil],1
Gabriel o Pensador — Brazuca (1998) [Brazil],1
Flavia Coelho — O que sou (2010) [Brazil],1
Burn in Noise — Beyond Known Space (2014) [Brazil],1
Altruism — Endless Smile (2019) [Brazil],1
Pabllo Vittar — Open Bar (2015) [Brazil],1
Barbatuques — Kererê (2015) [Brazil],1
Flavia Coelho — Vem Chamegar (2019) [Brazil],1
Jim Jones — The Jonestown Death Tape (1978) [United States],1
Amon Tobin — Hokkaido (2005) [Brazil],1
KIBI — Dream (2024) [Brazil],1
"Ricardo Donoso — Open Drawer, Full of Masks (2013) [Brazil]",1
Anitta — Girl From Rio (2021) [Brazil],1
Amon Tobin — Journeyman (2011) [Brazil],1
Urbandawn — Warp Drive (2015) [Brazil],1
Azymuth — Melô dos dois bicudos (1975) [Brazil],1
μ's — WILD STARS (2013) [Japan],1
Tim Maia — Ela partiu (1974) [Brazil],1
GUSTAVOEGATOTV — O Famoso 6 Dedos (2023) [Brazil],1
Maneva — Preto pobre suburbano (2006) [Brazil],1
The Fish House — Banged (2011) [Brazil],1
Alibi — Trunk (2017) [Brazil],1
Luccas Neto — Faz Brilhar (2022) [Brazil],1
Ottawan — D.I.S.C.O. (2003) [France],1
Pink Floyd — Another Brick in the Wall (1994) [(unknown)],1
The Dramatics — Just Shopping (Not Buying Anything) (1975) [United States],1
Barney — The Clapping Song (1999) [United States],1
GUSTAVOEGATOTV — Rapidinha (2024) [Brazil],1
Aesthetische — Stupid People Fuck Off (2012) [Brazil],1
Avalon — Double Trouble (2015) [United Kingdom],1
Leon Russell — Fantasy (1976) [United States],1
Léo Leobons — São Bento pra Ramiro (2018) [Brazil],1
Scorsi — Tumbah (2018) [Brazil],1
暗闇DESTINY — A New Day (2022) [Brazil],1
Vintage Culture — Strange Feelings (2024) [Brazil],1
Urbandawn — Spectrum (2015) [Brazil],1
Wanessa Camargo — Quem Sou Eu (2023) [Brazil],1
Darondo — Didn’t I (2005) [United States],1
"Diana Ross — Stop, Look, Listen (to Your Heart) (1973) [United States]",1
Kurup — Quenacho Fuji (2019) [Brazil],1
Gabe — Joker (2020) [Brazil],1
Imagination — Just an Illusion (1982) [United Kingdom],1
MC Fioti — Bum bum tam tam (Jax Jones remix) (2018) [Brazil],1
Menudo — A Cara o Cruz (1986) [Puerto Rico],1
Critycal Dub — Situations (2013) [Brazil],1
Lexa — Movimento (2017) [Brazil],1
Cement Tea — Boredom (2018) [Brazil],1
Amon Tobin — Theme From Battery (2005) [Brazil],1
The Prodigy — Smack My Bitch Up (1997) [United Kingdom],1
KC and the Sunshine Band — Give It Up (1982) [United States],1
Paradizzle — Drowned (2016) [Brazil],1
Amon Tobin — Bloodstone (2006) [Brazil],1
Dr. Silvana & Cia — Serão Extra (1985) [Brazil],1
GUSTAVOEGATOTV — Mac Plus (2021) [Brazil],1
Bungle — Cocooned (2017) [Brazil],1
Alibi — Rave Digger (2022) [Brazil],1
Spunk — Hot Flashes (1981) [United States],1
Greg & Steve — The Body Rock (1985) [United States],1
Jaloo — Ah! Dor! (2015) [Brazil],1
DJ Chap — Inna Streets (2013) [Brazil],1
Belchior — Sujeito de sorte (1976) [Brazil],1
Amon Tobin — Ruthless (reprise) (2005) [Brazil],1
FTampa — 5 Days (2014) [Brazil],1
Rush — Tom Sawyer (1981) [Canada],1
Renato Cohen — Acid Rollercoaster (2023) [Brazil],1
Alok — Allein Allein (2024) [Brazil],1
Planet Hemp — Dig dig dig (hempa) (1995) [Brazil],1
Wrecked Machines — Face It (2006) [Brazil],1
FFLORA — Butterflies (2021) [Brazil],1
Flavia Coelho — De Paris à Rio (2010) [Brazil],1
LS Jack — Você chegou (1999) [Brazil],1
Anitta — Girl From Rio (2021) [Brazil],1
André Sobota — Saturate (2019) [Brazil],1
Tamia — Almost (2006) [Canada],1
Azymuth — Manhã (1975) [Brazil],1
Nação Zumbi — Banditismo Por Uma Questão de Classe (1994) [Brazil],1
Azymuth — Arabutã (2025) [Brazil],1
Sérgio Mendes — Comin' Home Baby (1968) [Brazil],1
Nação Zumbi — Risoflora (1994) [Brazil],1
Edson Cordeiro — Ave Maria (1996) [Brazil],1
Barney — Laugh With Me (1999) [United States],1
Kelly Key — Quarto 313 (2015) [Brazil],1
Azymuth — Montreal City (1975) [Brazil],1
Phillipi & Rodrigo — New Beach (2016) [Brazil],1
"Francisco, el Hombre — Triste, Louca ou Má (2016) [Brazil]",1
Jaloo — A cidade (2015) [Brazil],1
Flavia Coelho — Bossa bika nova (2010) [Brazil],1
Digitaria — Favourite Addiction (2014) [Brazil],1
Maria Rita — Cântico brasileiro nº 3 (Kamaiurá) (1988) [Brazil],1
Léo Leobons — Rei do Norte (2018) [Brazil],1
Elowinz — Unifield Fabric (2019) [Brazil],1
Amon Tobin — Cruel Like Flint (2020) [Brazil],1
Azymuth — Faça de conta (1975) [Brazil],1
Level 2 — Fast Lane (2013) [Brazil],1
MC Fioti — Bum bum tam tam (Jonas Blue remix) (2018) [Brazil],1
Urbandawn — Words to Say (2014) [Brazil],1
FTampa — Run Away (vocal mix) (2013) [Brazil],1
Aesthetische — Red Trackers (2013) [Brazil],1
CSS — Let’s Make Love and Listen to Death From Above (2005) [Brazil],1
Arnaldo & Andressa — Altilla noyolo (2017) [Brazil],1
Michel Teló — Ai se eu te pego! (2011) [Brazil],1
Sérgio Mendes — Maracatu atômico (2010) [Brazil],1
Léo Leobons — Teu amor (2018) [Brazil],1
Zuffo — Mess (extended mix) (2023) [Brazil],1
Hi-5 — Jump Forward Jump Back (1999) [Australia],1
Burn in Noise — Utopia (2020) [Brazil],1
Future Class — Saxfaction (2021) [Brazil],1
"deadmau5 — Get in the Cart, Pig. (2010) [Canada]",1
Darth & Vader — LukeSkyTampa (2011) [Brazil],1
G-Low — System Protected (Darth & Vader remix) (2011) [Brazil],1
Future Frog — Disco Dancer (Darth & Vader remix) (2011) [Brazil],1
Vintage Culture — Too Far Down the Trap (2024) [Brazil],1
Aesthetische — Punch! (2012) [Brazil],1
Léo Leobons — All of Those Things (2018) [Brazil],1
Galantis — Runaway (U & I) (2014) [Sweden],1
Nação Zumbi — A Cidade (1994) [Brazil],1
Ricardo Donoso — Diagonal Environment (2013) [Brazil],1
FTampa — My Day (2011) [Brazil],1
Nação Zumbi — Côco Dub (Afrociberdelia) (1994) [Brazil],1
Ruback — Save It (2015) [Brazil],1
New Radicals — You Get What You Give (1998) [United States],1
Daft Punk — One More Time (2000) [France],1
"LUDMILLA — Down, Down, Down (2022) [Brazil]",1
Léo Leobons — Arará (2018) [Brazil],1
Rouge — Hoje eu sei (2002) [Brazil],1
GUSTAVOEGATOTV — Atimia (2023) [Brazil],1
Amon Tobin — The Clean Up (2005) [Brazil],1
"Chico Buarque — Quem te viu, quem te vê (1994) [Brazil]",1
Quarteto em Cy — Tudo que você podia ser (1997) [Brazil],1
Flavia Coelho — Amor e futebol (2010) [Brazil],1
Scorsi — Crossover (2018) [Brazil],1
Freefire — Dataloss (Darth & Vader remix) (2010) [United Kingdom],1
Duck Sauce — Barbra Streisand (2010) [United States],1
Léo Leobons — Vida (2018) [Brazil],1
Bonde do Rolê — Marina gasolina (2007) [Brazil],1
O Rappa — Minha alma (A paz que eu não quero) (1999) [Brazil],1
Flavia Coelho — De Novo de Novo (2019) [Brazil],1
GUSTAVOEGATOTV — O Planeta Perfeito (2025) [Brazil],1
Azymuth — Jazz Carnival (Space Jazz mix) (1996) [Brazil],1
The Rolling Stones — Brown Sugar (1988) [United Kingdom],1
The Rolling Stones — Start Me Up (1998) [United Kingdom],1
Marcão Baixada — Automóvel Clube (Funk Mix) (2017) [Brazil],1
Jam Thieves — Mammoth (2022) [Brazil],1
HNQO — Drexell (2023) [Brazil],1
Diogo Strausz — Flexível (extended) (2024) [Brazil],1
Naná Vasconcelos — Justo você Berenice (2004) [Brazil],1
Nitri — Break the System (2013) [Brazil],1
CSS — Let’s Make Love and Listen to Death From Above (2007) [Brazil],1
Aesthetische — Omni Presence (2012) [Brazil],1
Digitaria — Teen Years (2007) [Brazil],1
Kurup — Nheengatu (2017) [Brazil],1
Diego & Arnaldo — Relógio parado (2019) [Brazil],1
Urbandawn — Come Together (2019) [Brazil],1
Curtis Mayfield — Freddie’s Dead (1972) [United States],1
DuoScience — Night Traffic (2018) [Brazil],1
Anitta — Envolver (2021) [Brazil],1
Burn in Noise — Psy Drugs (2006) [Brazil],1
Amon Tobin — Displaced (2005) [Brazil],1
Diana Ross — You Are Everything (1973) [United States],1
荘司朗 — Opus 13 (-1) [Japan],1
Coil — The First Five Minutes After Death (“From the Picture Press”) (-1) [United Kingdom],1
Letherette — Maybe (2016) [(unknown)],1
Coil — Broccoli (-1) [United Kingdom],1
Coil — Slur (-1) [United Kingdom],1
CYBERTHING! — Target Hunter (2020) [(unknown)],1
Richard Myhill — Early Riser (a) (-1) [(unknown)],1
Föxx Salema — Constant Fight (2013) [Brazil],1
暗闇DESTINY — 日光SUNRISE (2022) [Brazil],1
Kaito Aman — Disruption (Lucas Romagnoli remix) (2025) [Brazil],1
Cement Tea — Mental Gauge (2020) [Brazil],1
Felguk — Slice & Dice (2013) [Brazil],1
Coil — Paranoid Inlay (-1) [United Kingdom],1
Coil — Unhappy Rabbits (-1) [United Kingdom],1
Claudinho Brasil — Bach (2013) [(unknown)],1
Collette Warren — One Exception (2018) [(unknown)],1
Jonas C. Haefeli — Lakes and Landscapes (-1) [(unknown)],1
"Nação Zumbi — Rios, pontes e overdrives (1994) [Brazil]",1
ASAGEN — GO! GO! ROKKO CHAN (2012) [(unknown)],1
Candy Bowman — Since I Found You (1988) [(unknown)],1
天気予報 — お天気 (2019) [(unknown)],1
Oliver Ferrer — Night Rain (Original Mix) (-1) [Brazil],1
