foreign_source_track,times_sampled_by_brazil
Lyn Collins — Think (About It) (1972) [United States],8
Perfect Cell — Cellbacca (2010) [(unknown)],5
James Brown — The Payback (1991) [United States],2
μ's — 僕らは今のなかで (2013) [Japan],2
Kansas City Express — This Is the Place (2019) [(unknown)],2
Klopfgeister — Tomorrow (2014) [Germany],2
Franz Ferdinand — The Dark of the Matinée (2004) [United Kingdom],2
Lokua Kanza — Plus vivant (feat. Corneille) (2005) [Democratic Republic of the Congo],1
Cecilia Krull — My Life Is Going On (2017) [Spain],1
Run‐D.M.C. — Dumb Girl (1986) [United States],1
N.W.A — She Swallowed It (1991) [United States],1
James Brown — Funky President (People It’s Bad) (1974) [United States],1
The Blackbyrds — Do It Fluid (1995) [United States],1
The Honey Drippers — Impeach the President (1973) [United States],1
James Brown — Papa Don’t Take No Mess (1991) [United States],1
Hi-5 — So Many Animals (2000) [Australia],1
Lilly Wood and The Prick — Prayer in C (2010) [France],1
Ice Cube — The Predator (1992) [United States],1
Funkadelic — Music for My Mother (1992) [United States],1
The Soul Searchers — Ashley’s Roachclip (1998) [United States],1
Ｓｐａｔｉａｌ Ｍａｎｕｆａｃｔｕｒｅ Ｌｔｄ. — 𝙽𝚒𝚗𝚎 𝙸𝚗𝚌𝚑 𝙲𝚊𝚜𝚝𝚕𝚎𝚜 (2020) [United States],1
꧁꧂ — 12З (2020) [Russia],1
CXRPSE — CLOUDY DAYS (2016) [(unknown)],1
sleepy randy — river (2021) [(unknown)],1
Chic — Good Times (1979) [United States],1
Black Eyed Peas — Pump It (2005) [United States],1
Isaac Hayes — Walk on By (1969) [United States],1
ESG — UFO (1981) [United States],1
Michael Jackson — Thriller (2006) [United States],1
Marvin Gaye — “T” Stands for Trouble (1972) [United States],1
Detroyt — Seriously in Love (1984) [United States],1
μ's — Snow halation (2010) [Japan],1
Slayer — Angel of Death (1986) [United States],1
"James Brown — Funky Drummer, Part 1 (1970) [United States]",1
James Brown — Mind Power (2005) [United States],1
Dr Meaker — Right Back (Break remix) (2016) [United Kingdom],1
MC Fats — Inner Soul (2016) [United Kingdom],1
Paul T — Into the Night (2016) [United Kingdom],1
BTK — Try (2016) [United Kingdom],1
Paul T — I Still Love You (2016) [United Kingdom],1
Digital & Spirit — Garrison Law (2016) [United Kingdom],1
Need for Mirrors — Bredren (2016) [United Kingdom],1
Paul T — Rain (2016) [United Kingdom],1
Mr Joseph — Soul Girl (2016) [United Kingdom],1
Kabuki — Just Hold on VIP (2016) [Germany],1
Serum — Dark Clouds (2016) [(unknown)],1
Tonk — All Dem Sound (2016) [(unknown)],1
Serum — Wiretap (2016) [(unknown)],1
Does Not Compute — Stalker (2016) [(unknown)],1
Simplification — I Need You Now (2016) [(unknown)],1
Submorphics — Higher Ground (2016) [(unknown)],1
Submorphics — Burnig Love (Lenzman remix) (2016) [(unknown)],1
Optiv & BTK — At All Costs (2016) [(unknown)],1
Daft Punk — Nightvision (2001) [France],1
Coil — A Cold Cell (2001) [United Kingdom],1
Cat Burns — Sober (2020) [United Kingdom],1
Love Unlimited Orchestra — Strange Games & Things (1976) [United States],1
3dNOW — Double the Trouble (2012) [Japan],1
Random Movement — Ahead of It All (2016) [United States],1
Need for Mirrors — Reset (2016) [United Kingdom],1
Paul T — Tempt (2016) [United Kingdom],1
Command Strange — Black & White (2016) [Kazakhstan],1
Murdock — Tribes (2016) [Belgium],1
Daz Bailey — Sugar (2016) [United Kingdom],1
Paul SG — Jazz Cigarette (2016) [Austria],1
Command Strange — Desire (2016) [Kazakhstan],1
Peshay — Funkster (2016) [United Kingdom],1
Command Strange — Dismiss (2016) [Kazakhstan],1
Paul T — Infamous (2016) [United Kingdom],1
Roni Size — It's a Jazz Thing (Juiceman remix) (2016) [United Kingdom],1
Command Strange — Visions (2016) [Kazakhstan],1
Saxxon — The Only One VIP (2016) [United Kingdom],1
Rowpieces — V Like Vivacious (2016) [(unknown)],1
Savage Rehab — Neck Funk (2016) [(unknown)],1
David Boomah — Where Do We Go From Here (One Love) (Calibre remix) (2016) [(unknown)],1
Jaybee — Forgotten Funk (2016) [(unknown)],1
Glass Candy — Computer Love (2007) [United States],1
Crookers — Love to Edit (2007) [Italy],1
A‐Trak — Say Whoa (2008) [Canada],1
Jokers of the Scene — Acidrod (2008) [Canada],1
Metallica — For Whom the Bell Tolls (1984) [United States],1
CLP — Ain't Nobody Cooler (Mixhell remix) (2008) [(unknown)],1
茶太 — だんご大家族 (2007) [Japan],1
Play School — Wiggerly Woo (2012) [Australia],1
Diana Ross — It's Your Move (1984) [United States],1
Macintosh Plus — リサフランク420 / 現代のコンピュー (2011) [(unknown)],1
High Fashion — You're the Winner (1982) [United States],1
ATC — Around the World (La La La La La) (2000) [Germany],1
JVKE — golden hour (2022) [United States],1
Mac Lethal — Day by Day (2016) [United States],1
The Miracles — I Didn’t Realize the Show Was Over (1973) [United States],1
The Blackbyrds — Reggins (1974) [United States],1
Public Enemy — Bring the Noise (1987) [United States],1
Michael Jackson — Blood on the Dance Floor (1997) [United States],1
Renard — Sinisterrrrrrrr (2009) [Canada],1
The Queenstons — Amber Starlight (2008) [Canada],1
Rotteen — Outsider (2014) [Canada],1
Adraen — Contact (2009) [Canada],1
Mayhem — Eggs (2008) [Canada],1
Kitsune² — The Steel Monster Above The City (2007) [Canada],1
Jackal Queenston — Set Me Free (Uplift remix) (2009) [Canada],1
Furries in a Blender — Hardcore Disco (2007) [Canada],1
Renard — Objection (2007) [Canada],1
Mayhem — It's Murder (2009) [Canada],1
Renard — Banned Forever (2020) [Canada],1
Klippa — Arcadepunk (2011) [Canada],1
Kitcaliber — Vultures (2012) [(unknown)],1
Geto Boys — Mind Playing Tricks on Me (1991) [United States],1
The Rolling Stones — Satisfaction (2012) [United Kingdom],1
"Bob Marley & The Wailers — Get Up, Stand Up (1998) [Jamaica]",1
N.W.A — Appetite for Destruction (2002) [United States],1
Justin Bieber — Beauty and a Beat (2012) [Canada],1
高坂穂乃果 — START:DASH!! (2013) [Japan],1
Mustard — Ballin’ (2019) [United States],1
bricklander — Living in a Browser (2023) [Argentina],1
The J.B.’s — Transmograpfication (1975) [United States],1
"The J.B.’s — Givin' Up Food for Funk, Part 1 (1972) [United States]",1
Jim Jones — The Jonestown Death Tape (1978) [United States],1
μ's — WILD STARS (2013) [Japan],1
Ottawan — D.I.S.C.O. (2003) [France],1
Pink Floyd — Another Brick in the Wall (1994) [(unknown)],1
The Dramatics — Just Shopping (Not Buying Anything) (1975) [United States],1
Barney — The Clapping Song (1999) [United States],1
Avalon — Double Trouble (2015) [United Kingdom],1
Leon Russell — Fantasy (1976) [United States],1
Darondo — Didn’t I (2005) [United States],1
"Diana Ross — Stop, Look, Listen (to Your Heart) (1973) [United States]",1
Imagination — Just an Illusion (1982) [United Kingdom],1
Menudo — A Cara o Cruz (1986) [Puerto Rico],1
The Prodigy — Smack My Bitch Up (1997) [United Kingdom],1
KC and the Sunshine Band — Give It Up (1982) [United States],1
Spunk — Hot Flashes (1981) [United States],1
Greg & Steve — The Body Rock (1985) [United States],1
Rush — Tom Sawyer (1981) [Canada],1
Tamia — Almost (2006) [Canada],1
Barney — Laugh With Me (1999) [United States],1
Hi-5 — Jump Forward Jump Back (1999) [Australia],1
"deadmau5 — Get in the Cart, Pig. (2010) [Canada]",1
Galantis — Runaway (U & I) (2014) [Sweden],1
New Radicals — You Get What You Give (1998) [United States],1
Daft Punk — One More Time (2000) [France],1
Freefire — Dataloss (Darth & Vader remix) (2010) [United Kingdom],1
Duck Sauce — Barbra Streisand (2010) [United States],1
The Rolling Stones — Brown Sugar (1988) [United Kingdom],1
The Rolling Stones — Start Me Up (1998) [United Kingdom],1
Curtis Mayfield — Freddie’s Dead (1972) [United States],1
Diana Ross — You Are Everything (1973) [United States],1
荘司朗 — Opus 13 (-1) [Japan],1
Coil — The First Five Minutes After Death (“From the Picture Press”) (-1) [United Kingdom],1
Letherette — Maybe (2016) [(unknown)],1
Coil — Broccoli (-1) [United Kingdom],1
Coil — Slur (-1) [United Kingdom],1
CYBERTHING! — Target Hunter (2020) [(unknown)],1
Richard Myhill — Early Riser (a) (-1) [(unknown)],1
Coil — Paranoid Inlay (-1) [United Kingdom],1
Coil — Unhappy Rabbits (-1) [United Kingdom],1
Claudinho Brasil — Bach (2013) [(unknown)],1
Collette Warren — One Exception (2018) [(unknown)],1
Jonas C. Haefeli — Lakes and Landscapes (-1) [(unknown)],1
ASAGEN — GO! GO! ROKKO CHAN (2012) [(unknown)],1
Candy Bowman — Since I Found You (1988) [(unknown)],1
天気予報 — お天気 (2019) [(unknown)],1
