genre,in_strength_sampled,out_strength_samples,net_influence_in_minus_out
pop,13271,7915,5356
rock,5055,3001,2054
funk,1936,425,1511
soul,1698,380,1318
jazz,2350,1032,1318
disco,2383,1577,806
new wave,991,365,626
industrial,1176,569,607
alternative rock,3483,2929,554
j-pop,3236,2784,452
r&b,820,416,404
hardcore punk,445,76,369
indie rock,1155,820,335
classical,2036,1711,325
blues,834,557,277
hard rock,1078,833,245
synth-pop,685,442,243
reggae,645,407,238
punk,880,647,233
progressive rock,677,457,220
heavy metal,647,463,184
k-pop,600,419,181
latin,1042,865,177
folk,526,355,171
j-rock,245,82,163
psychedelic rock,266,105,161
electropop,751,608,143
easy listening,198,61,137
metal,480,350,130
aggrotech,264,134,130
alternative pop,524,412,112
contemporary r&b,1262,1156,106
industrial metal,208,102,106
brostep,234,131,103
complextro,537,438,99
dancehall,380,282,98
art pop,230,134,96
techno,937,845,92
musical,156,69,87
post-rock,187,102,85
modern classical,111,34,77
alternative metal,428,352,76
melodic dubstep,108,34,74
bubblegum bass,103,31,72
big band,104,36,68
electro-industrial,141,74,67
blues rock,218,151,67
schlager,128,61,67
soft rock,79,15,64
midtempo bass,79,15,64
grunge,99,35,64
children's music,76,15,61
swamp pop,93,32,61
audio drama,1404,1345,59
darksynth,144,86,58
country,607,551,56
power metal,133,77,56
thrash metal,123,69,54
tech house,265,212,53
ambient house,74,21,53
instrumental,239,189,50
progressive electronic,83,34,49
idm,230,182,48
neo soul,135,87,48
speedcore,101,54,47
death metal,446,401,45
gothic metal,136,92,44
classic rock,421,378,43
gothic rock,71,28,43
metalcore,153,111,42
jazz-funk,74,32,42
2-step,90,49,41
bossa nova,120,79,41
eurobeat,2019,1979,40
dancefloor drum and bass,85,45,40
post-hardcore,97,57,40
boogie,77,37,40
city pop,107,67,40
neue deutsche welle,145,106,39
acoustic rock,82,43,39
italo-disco,54,16,38
folk rock,400,363,37
cinematic classical,54,18,36
post-punk,83,48,35
new age,169,136,33
kayōkyoku,55,23,32
hybrid trap,79,47,32
celtic,59,27,32
gothic,39,7,32
math rock,52,20,32
nu metal,210,179,31
chanson française,103,73,30
pop rap,262,232,30
neurofunk,99,69,30
gospel,80,53,27
rock and roll,88,61,27
dirty south,94,67,27
afrobeat,168,141,27
contemporary jazz,77,50,27
emo rap,52,27,25
indietronica,71,46,25
trip hop,195,170,25
folk pop,82,59,23
euro-trance,30,7,23
britpop,92,70,22
free jazz,45,23,22
fm synthesis,22,0,22
hyperpop,205,183,22
production music,67,45,22
vocal trance,47,25,22
philly soul,24,3,21
broken transmission,24,3,21
jazz rock,37,17,20
festival progressive house,106,87,19
deep drum and bass,25,6,19
eurodance,79,60,19
vocal jazz,20,1,19
lo-fi,51,33,18
halftime,95,77,18
atmospheric black metal,28,10,18
briddim,45,29,16
christian rock,51,35,16
motown,21,5,16
folktronica,38,22,16
christmas music,106,91,15
chillstep,35,20,15
bitpop,48,33,15
bluegrass,116,102,14
electropunk,26,12,14
doom metal,142,128,14
belgian techno,15,1,14
doo-wop,26,12,14
symphonic metal,39,25,14
krautrock,50,37,13
alternative punk,34,21,13
hip house,18,6,12
glitch pop,16,4,12
noise rock,28,16,12
darkstep,30,18,12
progressive metal,107,96,11
dark wave,569,558,11
garage rock,87,76,11
electro-disco,18,7,11
free improvisation,18,7,11
cybergrind,15,4,11
glitch hop edm,15,4,11
sophisti-pop,11,0,11
hardcore breaks,16,5,11
speed garage,22,11,11
ambient techno,59,49,10
bedroom pop,74,64,10
electroacoustic,12,2,10
ballet,18,8,10
deep techno,160,151,9
donk,11,2,9
alternative country,10,1,9
big room trance,23,14,9
calypso,11,2,9
jazz rap,9,0,9
drumfunk,10,1,9
nu style gabber,9,0,9
madchester,9,0,9
bebop,22,14,8
shoegaze,31,23,8
future garage,32,24,8
contemporary country,18,10,8
hard bop,30,22,8
neofolk,12,4,8
pop soul,14,6,8
experimental hip hop,83,75,8
freestyle,12,4,8
illbient,8,0,8
acoustic blues,15,7,8
northern soul,8,0,8
witch house,15,7,8
progressive breaks,11,3,8
blue-eyed soul,24,17,7
liquid funk,25,18,7
bolero,15,8,7
jazz fusion,25,18,7
j-core,39,32,7
digital fusion,11,4,7
neo-psychedelia,17,10,7
power pop,21,14,7
rave,14,7,7
interview,9,2,7
grindcore,77,71,6
brazilian bass,7,1,6
smooth soul,7,1,6
psychedelic,14,8,6
post-industrial,11,5,6
minimal synth,7,1,6
afro-cuban jazz,15,9,6
symphonic rock,8,2,6
go-go,6,0,6
space rock,8,2,6
slimepunk,12,6,6
filk,7,1,6
soul jazz,7,1,6
minimal techno,74,69,5
nu jazz,8,3,5
trap,222,217,5
avant-garde metal,13,8,5
chicago house,21,16,5
future rave,12,7,5
lounge,24,19,5
salsa,14,9,5
folk metal,21,16,5
chillsynth,6,1,5
psybient,5,0,5
frat rock,5,0,5
ethereal wave,7,2,5
berlin school,10,5,5
indie pop,567,563,4
tango,4,0,4
worldbeat,4,0,4
qawwali,7,3,4
new romantic,8,4,4
britcore,10,6,4
moogsploitation,4,0,4
standup comedy,4,0,4
digital hardcore,27,23,4
champeta,17,13,4
electro-funk,7,3,4
sunshine pop,5,1,4
organic house,7,3,4
afro rock,4,0,4
latin disco,4,0,4
balearic trance,4,0,4
skullstep,6,2,4
post-metal,6,2,4
anti-folk,8,4,4
melodic metalcore,6,2,4
ragga,5,1,4
raï,5,1,4
japanese classical,7,3,4
peak time techno,7,3,4
funk brasileiro,4,0,4
house,2123,2120,3
contemporary christian,75,72,3
stoner rock,7,4,3
country blues,6,3,3
techno kayō,3,0,3
folk punk,6,3,3
glitch,363,360,3
melodic death metal,83,80,3
grime,122,119,3
mathcore,20,17,3
arena rock,56,53,3
geek rock,3,0,3
persian pop,6,3,3
southern hip hop,19,16,3
diva house,9,6,3
sludge metal,4,1,3
french electro,6,3,3
crossbreed,7,4,3
miami bass,25,22,3
ethio-jazz,3,0,3
instrumental rock,9,6,3
luk thung,3,0,3
honky tonk,3,0,3
traditional pop,4,1,3
funk carioca,9,6,3
nustyle,3,0,3
lovers rock,3,0,3
concerto,4,1,3
splittercore,3,0,3
uk drill,4,1,3
psychedelic soul,4,1,3
surf rock,3,0,3
beat rock,5,2,3
depressive black metal,3,0,3
ambient noise wall,3,0,3
psychobilly,4,1,3
hyphy,6,4,2
crossover prog,6,4,2
southern rock,28,26,2
ska punk,16,14,2
blackgaze,5,3,2
techstep,7,5,2
melodic techno,63,61,2
batucada,2,0,2
contemporary classical,9,7,2
ballroom house,5,3,2
deep soul,3,1,2
roots rock,2,0,2
trancestep,2,0,2
noise pop,9,7,2
alternative folk,32,30,2
samba-jazz,2,0,2
crust punk,4,2,2
rawstyle,6,4,2
funk rock,4,2,2
political hip hop,2,0,2
chicago drill,8,6,2
chamber folk,3,1,2
technical death metal,4,2,2
medieval,3,1,2
ghetto house,2,0,2
irish folk,2,0,2
néo-trad,3,1,2
classic jazz,2,0,2
snap,2,0,2
highlife,2,0,2
heaven trap,2,0,2
terrorcore,2,0,2
beatboxing,2,0,2
nederpop,2,0,2
zouk,3,1,2
renaissance,2,0,2
chanson québécoise,2,0,2
gypsy jazz,2,0,2
trap metal,2,0,2
slowcore,2,0,2
no wave,2,0,2
jazz poetry,2,0,2
neo-medieval folk,2,0,2
brill building,2,0,2
corrido,2,0,2
melodic hardcore,2,0,2
beat poetry,2,0,2
electronicore,11,10,1
future riddim,4,3,1
piano rock,20,19,1
denpa,27,26,1
battle rap,2,1,1
bachata,52,51,1
goregrind,11,10,1
dark disco,38,37,1
ragga jungle,3,2,1
post-punk revival,4,3,1
power electronics,3,2,1
winter synth,1,0,1
hardcore hip hop,74,73,1
contemporary gospel,6,5,1
post-grunge,5,4,1
urban cowboy,1,0,1
new rave,2,1,1
chicago soul,2,1,1
poetry,1,0,1
mod,3,2,1
bubbling,1,0,1
deathcore,13,12,1
dance-punk revival,1,0,1
rocksteady,1,0,1
enka,2,1,1
cajun,2,1,1
symphony,1,0,1
drill and bass,6,5,1
vallenato,2,1,1
sasscore,1,0,1
samba,4,3,1
funk ostentação,1,0,1
boogie-woogie,2,1,1
traditional country,1,0,1
praise & worship,5,4,1
march,2,1,1
classic country,2,1,1
hindustani classical,3,2,1
acid trance,4,3,1
minimal drum and bass,3,2,1
minimalism,2,1,1
gregorian chant,1,0,1
zhongguo feng,1,0,1
2 tone,1,0,1
seapunk,2,1,1
latin ballad,5,4,1
bhavageethe,1,0,1
sound effects,2,1,1
chacarera,1,0,1
electro hop,3,2,1
viking metal,1,0,1
deathrock,1,0,1
wonky techno,1,0,1
doomgaze,3,2,1
garage punk,1,0,1
impressionism,1,0,1
shidaiqu,1,0,1
minimal wave,1,0,1
swamp blues,1,0,1
dub poetry,2,1,1
griot,1,0,1
crack rock steady,1,0,1
arabesk,1,0,1
gnawa,1,0,1
kirtan,1,0,1
midwest emo,1,0,1
technoid,1,0,1
instrumental jazz,3,2,1
jazzstep,2,1,1
andean new age,1,0,1
avant-folk,1,0,1
nature sounds,1,0,1
guaguancó,2,1,1
eletrofunk,1,0,1
celtic electronica,1,0,1
dubstyle,1,0,1
speech,1,0,1
pagan black metal,1,0,1
chinese classical,1,0,1
forró,1,0,1
freakbeat,1,0,1
yacht rock,1,0,1
rock opera,1,0,1
coupé-décalé,1,0,1
doina,1,0,1
pumpcore,1,0,1
slacker rock,1,0,1
black noise,1,0,1
horror synth,1,0,1
gamelan,1,0,1
descarga,1,0,1
ghettotech,1,0,1
jùjú,1,0,1
canzone napoletana,1,0,1
smooth jazz,14,14,0
brazilian phonk,14,14,0
crossover jazz,2,2,0
garage house,23,23,0
turkish classical,13,13,0
glam rock,27,27,0
indian classical,4,4,0
algorave,5,5,0
mpb,6,6,0
swing,12,12,0
garba,36,36,0
flashcore,18,18,0
world fusion,3,3,0
hard trance,28,28,0
twerk,2,2,0
eai,1,1,0
tribal house,3,3,0
industrial techno,11,11,0
ambient americana,19,19,0
operatic pop,1,1,0
phonk,7,7,0
drill,14,14,0
bubblegum pop,8,8,0
dance-punk,18,18,0
gqom,4,4,0
quiet storm,1,1,0
drumless hip hop,1,1,0
asian rock,4,4,0
korean ballad,1,1,0
death-doom metal,2,2,0
breakstep,1,1,0
shibuya-kei,1,1,0
latin rock,10,10,0
comfy synth,2,2,0
easycore,5,5,0
synth funk,4,4,0
jangle pop,2,2,0
dark cabaret,3,3,0
post-dubstep,2,2,0
artcore,14,14,0
hypnagogic pop,5,5,0
country rap,1,1,0
mad,1,1,0
pluggnb,1,1,0
bardcore,2,2,0
bit music,1,1,0
delta blues,1,1,0
bouncy techno,9,9,0
slam poetry,1,1,0
opera,4,4,0
slap house,2,2,0
laiko,5,5,0
art punk,3,3,0
afroswing,2,2,0
detroit trap,3,3,0
flamenco pop,2,2,0
ghazal,1,1,0
tread,2,2,0
jersey club rap,3,3,0
hi-tech full-on,1,1,0
bro-country,1,1,0
italo house,1,1,0
heavy psych,1,1,0
neoperreo,1,1,0
chalga,2,2,0
desert rock,1,1,0
rapcore,2,2,0
copla,1,1,0
dansband,2,2,0
sertanejo,1,1,0
avant-prog,2,2,0
zydeco,1,1,0
deathchant hardcore,1,1,0
groove metal,8,9,-1
future core,6,7,-1
brit funk,5,6,-1
freak folk,3,4,-1
country pop,17,18,-1
ambient dub,11,12,-1
dance-rock,16,17,-1
kizomba,0,1,-1
neurohop,2,3,-1
tech trance,14,15,-1
chopper,2,3,-1
chicha,0,1,-1
afro-funk,1,2,-1
mariachi,0,1,-1
new jack swing,16,17,-1
hard drum,0,1,-1
jump up,10,11,-1
neo-grime,0,1,-1
q-pop,5,6,-1
drone metal,4,5,-1
uk funky,2,3,-1
funeral doom metal,5,6,-1
yé-yé,0,1,-1
cowpunk,0,1,-1
roots reggae,2,3,-1
latin house,1,2,-1
swamp rock,0,1,-1
heartland rock,0,1,-1
rage,1,2,-1
jump blues,0,1,-1
reggae rock,0,1,-1
dabke,1,2,-1
melbourne bounce,4,5,-1
funkot,0,1,-1
electro latino,1,2,-1
garage psych,0,1,-1
british folk rock,2,3,-1
funky breaks,0,1,-1
hard trap,3,4,-1
akishibu-kei,1,2,-1
spiritual jazz,0,1,-1
hardbass,0,1,-1
break-in,0,1,-1
nederbeat,0,1,-1
hip hop soul,2,3,-1
psychedelic pop,3,4,-1
screamo,2,3,-1
hardgroove techno,1,2,-1
slow waltz,0,1,-1
cumbia argentina,0,1,-1
powerstomp,0,1,-1
ragtime,0,1,-1
powerviolence,0,1,-1
garage rock revival,1,2,-1
v-pop,2,3,-1
space ambient,2,3,-1
progressive metalcore,0,1,-1
tearout brostep,0,1,-1
melodic bass,0,1,-1
tearout,0,1,-1
éntekhno,2,3,-1
bolero-beat,0,1,-1
dark plugg,0,1,-1
minneapolis sound,0,1,-1
kuduro,2,3,-1
western classical,2,3,-1
romantic classical,1,2,-1
spamwave,0,1,-1
acousmatic,0,1,-1
harsh noise wall,0,1,-1
nasheed,0,1,-1
boogie rock,0,1,-1
nashville sound,0,1,-1
chap hop,0,1,-1
funk de bh,0,1,-1
dissonant death metal,0,1,-1
psystyle,0,1,-1
speed house,1,2,-1
queercore,0,1,-1
nerdcore techno,0,1,-1
celtic rock,0,1,-1
lullaby,0,1,-1
arrocha,0,1,-1
freeform hardcore,0,1,-1
soukous,0,1,-1
emocore,0,1,-1
batida,0,1,-1
modern hardtek,0,1,-1
filmi,172,174,-2
vocal house,13,15,-2
microhouse,6,8,-2
dixieland,14,16,-2
crime jazz,0,2,-2
hi-nrg,15,17,-2
neoclassicism,0,2,-2
hardcore techno,62,64,-2
drift phonk,6,8,-2
symphonic black metal,2,4,-2
latin jazz,3,5,-2
dark psytrance,4,6,-2
progressive pop,0,2,-2
novo dub,0,2,-2
futurepop,12,14,-2
coke rap,3,5,-2
colour bass,22,24,-2
mainstream rock,6,8,-2
eccojams,2,4,-2
electric blues,2,4,-2
chicano rap,0,2,-2
opm,6,8,-2
trot,2,4,-2
turbo-folk,2,4,-2
melodic black metal,2,4,-2
acid breaks,6,8,-2
hard house,3,5,-2
epic doom metal,0,2,-2
deep tech,1,3,-2
electrotango,1,3,-2
hardvapour,0,2,-2
cabaret,0,2,-2
rara,0,2,-2
doomcore,1,3,-2
tribal guarachero,1,3,-2
blackened death metal,5,7,-2
neue deutsche härte,0,2,-2
anatolian rock,0,2,-2
nu skool breaks,1,3,-2
fidget house,2,4,-2
rawphoric,0,2,-2
canción melódica,0,2,-2
dreampunk,0,2,-2
sea shanty,0,2,-2
volkstümliche musik,0,2,-2
cuddlecore,0,2,-2
wonky,1,3,-2
digital cumbia,0,2,-2
changa tuki,0,2,-2
soft visual,0,2,-2
acid rock,29,32,-3
horror punk,1,4,-3
memphis rap,2,5,-3
hard techno,35,38,-3
classical crossover,34,37,-3
deathstep,4,7,-3
footwork jungle,0,3,-3
funktronica,20,23,-3
emo pop,4,7,-3
harsh noise,2,5,-3
euphoric hardstyle,15,18,-3
reggae-pop,0,3,-3
oi,10,13,-3
beat music,4,7,-3
comedy rock,26,29,-3
p-funk,1,4,-3
dansktop,0,3,-3
underground hip hop,2,5,-3
full-on,0,3,-3
microfunk,2,5,-3
chipmunk soul,0,3,-3
slushwave,3,6,-3
classical period,0,3,-3
estrada,2,5,-3
jazz house,1,4,-3
lo-fi house,0,3,-3
d-beat,1,4,-3
boogaloo,0,3,-3
exotica,0,3,-3
audio documentary,0,3,-3
latin pop,65,69,-4
stutter house,1,5,-4
nu disco,35,39,-4
brutal death metal,5,9,-4
hyper techno,5,9,-4
industrial hip hop,3,7,-4
jungle terror,0,4,-4
vaportrap,7,11,-4
avant-garde pop,0,4,-4
flamenco,9,13,-4
string quartet,0,4,-4
dungeon synth,7,11,-4
new beat,0,4,-4
dembow,7,11,-4
cape jazz,0,4,-4
crossover thrash,0,4,-4
african blues,2,6,-4
kabarett,0,4,-4
brass band,14,19,-5
yakousei,2,7,-5
schranz,27,32,-5
baltimore club,14,19,-5
indian pop,4,9,-5
mangue beat,2,7,-5
ska,45,50,-5
hands up,19,24,-5
jam band,15,20,-5
merseybeat,0,5,-5
old school hip hop,4,9,-5
c-pop,8,13,-5
progressive folk,8,13,-5
raggacore,5,10,-5
british rhythm & blues,0,5,-5
ambient pop,62,68,-6
punk rock,60,66,-6
avant-garde jazz,15,21,-6
italo dance,12,18,-6
future bounce,8,14,-6
alpenrock,0,6,-6
experimental electronic,6,12,-6
dream trance,1,7,-6
bubblegum dance,7,13,-6
soca,32,38,-6
beat bolha,0,6,-6
bhajan,6,12,-6
trap latino,8,14,-6
neo-progressive rock,6,12,-6
steampunk,1,7,-6
carnatic classical,0,6,-6
merengue,10,17,-7
industrial rock,64,71,-7
rap metal,3,10,-7
mandopop,47,54,-7
bhangra,2,9,-7
djent,2,9,-7
spoken word,7,14,-7
euro-disco,4,11,-7
speed metal,13,20,-7
afrobeats,18,25,-7
romanian popcorn,0,7,-7
louisiana blues,20,27,-7
ytpmv,2,9,-7
canterbury scene,0,8,-8
baroque pop,28,36,-8
jazz pop,7,15,-8
moombahton,26,34,-8
breakbeat hardcore,6,14,-8
death industrial,0,8,-8
glam,14,22,-8
rap rock,14,23,-9
glitch hop,55,64,-9
detroit techno,7,16,-9
chamber pop,23,32,-9
glam metal,0,9,-9
moombahcore,6,15,-9
experimental rock,15,25,-10
visual kei,9,19,-10
séga,0,10,-10
avant-garde,242,253,-11
horrorcore,6,17,-11
crunk,118,129,-11
cyber metal,5,16,-11
big room house,168,180,-12
field recording,35,47,-12
christian metal,2,14,-12
west coast hip hop,6,18,-12
emo,134,147,-13
abstract hip hop,50,63,-13
juke,0,13,-13
frenchcore,7,20,-13
cyberpunk,77,90,-13
ambient trance,3,16,-13
electronica,308,322,-14
uk hardcore,104,118,-14
new orleans r&b,29,43,-14
progressive,2,16,-14
drone,86,101,-15
atmospheric drum and bass,60,75,-15
g-house,5,20,-15
melodic house,32,47,-15
tropical house,21,36,-15
funk metal,30,45,-15
afro house,102,118,-16
goa trance,20,36,-16
cool jazz,28,44,-16
gabber,31,48,-17
dark electro,128,145,-17
hi-tech,0,17,-17
kawaii future bass,41,59,-18
lo-fi hip hop,19,37,-18
contemporary folk,37,55,-18
ballad,685,704,-19
conscious hip hop,142,161,-19
riddim dubstep,5,24,-19
deconstructed club,34,54,-20
hardwave,3,23,-20
balearic beat,1,22,-21
uptempo hardcore,11,32,-21
crunkcore,4,25,-21
amapiano,1,22,-21
noise,71,92,-21
progressive psytrance,20,41,-21
future bass,197,219,-22
g-funk,47,70,-23
acid house,295,318,-23
non-music,125,148,-23
anarcho-punk,0,23,-23
digicore,167,190,-23
cumbia,71,94,-23
french house,18,41,-23
baroque,43,66,-23
art rock,231,255,-24
reggaeton,553,577,-24
bassline,171,195,-24
acid techno,94,118,-24
dark ambient,244,268,-24
singer-songwriter,59,83,-24
turntablism,1,25,-24
uk garage,51,76,-25
dutch house,65,90,-25
euro house,83,108,-25
americana,135,160,-25
wave,4,29,-25
footwork,9,34,-25
cloud rap,134,160,-26
rockabilly,79,105,-26
aor,37,63,-26
festival trap,16,42,-26
orchestral,36,63,-27
instrumental hip hop,25,52,-27
funky house,37,64,-27
comedy hip hop,19,46,-27
future house,19,47,-28
chopped and screwed,3,31,-28
christian hip hop,54,83,-29
cantopop,116,145,-29
country rock,65,94,-29
electro swing,29,58,-29
alternative dance,200,231,-31
sketch comedy,0,32,-32
coldwave,91,124,-33
pop punk,102,135,-33
drumstep,42,75,-33
jungle,145,180,-35
black metal,266,302,-36
progressive trance,198,234,-36
melodic trance,27,63,-36
jersey club,5,42,-37
psytrance,355,394,-39
teen pop,21,60,-39
trap edm,82,122,-40
leftfield,14,54,-40
east coast hip hop,131,172,-41
indie folk,33,74,-41
nerdcore,53,96,-43
electroclash,18,65,-47
broken beat,194,242,-48
future funk,23,71,-48
dream pop,140,190,-50
chillwave,179,230,-51
acid jazz,326,379,-53
dub techno,292,346,-54
bounce,21,75,-54
pop rock,660,716,-56
dub,424,481,-57
europop,187,248,-61
alternative r&b,246,309,-63
gangsta rap,439,504,-65
outsider house,1,66,-65
hardstyle,685,752,-67
asmr,1,70,-69
vaporwave,52,123,-71
bass house,292,367,-75
happy hardcore,151,227,-76
club,287,365,-78
nightcore,5,89,-84
electronic rock,22,109,-87
lolicore,39,127,-88
alternative hip hop,109,199,-90
chiptune,689,784,-95
idol kayō,96,195,-99
synthwave,128,237,-109
chillout,187,296,-109
dance-pop,1998,2109,-111
electro house,1433,1545,-112
mashcore,21,150,-129
big beat,372,516,-144
extratone,52,200,-148
boom bap,223,404,-181
sound collage,4,207,-203
trance,963,1246,-283
downtempo,2025,2316,-291
barber beats,111,405,-294
progressive house,635,941,-306
noisecore,0,344,-344
dariacore,17,377,-360
breaks,751,1179,-428
plunderphonics,10,491,-481
breakcore,564,1117,-553
comedy,322,901,-579
ambient,5622,6222,-600
deep house,2320,2949,-629
electro,2809,3448,-639
ebm,2242,2966,-724
edm,957,1715,-758
drum and bass,2697,3690,-993
breakbeat,1269,2272,-1003
dance,4719,5829,-1110
experimental,620,1741,-1121
dubstep,3387,4598,-1211
hip hop,9516,12130,-2614
electronic,34679,37832,-3153
